{
    "epoch": 2.9710610932475885,
    "total_flos": 468986084982784.0,
    "train_loss": 0.7916884667429573,
    "train_runtime": 4133.7858,
    "train_samples_per_second": 7.221,
    "train_steps_per_second": 0.056
}